metric,value
macro_precision,0.7730314588237289
macro_recall,0.7644197214147913
macro_f1,0.736547095238311
micro_precision,0.8492091388400703
micro_recall,0.8585643212508884
micro_f1,0.8538611062025093
