{
  "Enlarged Cardiomediastinum": 0.966404139995575,
  "Cardiomegaly": 0.3,
  "Lung Opacity": 0.6050950288772583,
  "Lung Lesion": 0.3,
  "Edema": 0.7176117897033691,
  "Consolidation": 0.5802516341209412,
  "Pneumonia": 0.3,
  "Atelectasis": 0.3,
  "Pneumothorax": 0.9873412251472472,
  "Pleural Effusion": 0.6996037364006042,
  "Pleural Other": 0.3,
  "Fracture": 0.3,
  "Support Devices": 0.9670993089675904
}