{
  "Enlarged Cardiomediastinum": 0.7272458076477051,
  "Lung Opacity": 0.703423798084259,
  "Lung Lesion": 0.7282012701034546,
  "Edema": 0.70055091381073,
  "Consolidation": 0.7272789478302002,
  "Pneumonia": 0.7227880954742432,
  "Pneumothorax": 0.6250326633453369,
  "Pleural Effusion": 0.6981775760650635,
  "Pleural Other": 0.7,
  "Fracture": 0.7256381511688232,
  "Support Devices": 0.45
}