{
  "Enlarged Cardiomediastinum": {
    "txr": 1.0,
    "probe": 0.0,
    "chex5": 0.0
  },
  "Cardiomegaly": {
    "txr": 0.0,
    "probe": 0.0,
    "chex5": 1.0
  },
  "Lung Opacity": {
    "txr": 0.14285714285714288,
    "probe": 0.8571428571428572,
    "chex5": 0.0
  },
  "Lung Lesion": {
    "txr": 1.0,
    "probe": 0.0,
    "chex5": 0.0
  },
  "Edema": {
    "txr": 0.7000000000000001,
    "probe": 0.20000000000000004,
    "chex5": 0.10000000000000002
  },
  "Consolidation": {
    "txr": 1.0,
    "probe": 0.0,
    "chex5": 0.0
  },
  "Pneumonia": {
    "txr": 0.2,
    "probe": 0.8,
    "chex5": 0.0
  },
  "Atelectasis": {
    "txr": 0.0,
    "probe": 0.0,
    "chex5": 1.0
  },
  "Pneumothorax": {
    "txr": 1.0,
    "probe": 0.0,
    "chex5": 0.0
  },
  "Pleural Effusion": {
    "txr": 0.08333333333333333,
    "probe": 0.16666666666666666,
    "chex5": 0.7499999999999999
  },
  "Pleural Other": {
    "txr": 0.0,
    "probe": 1.0,
    "chex5": 0.0
  },
  "Fracture": {
    "txr": 0.0,
    "probe": 1.0,
    "chex5": 0.0
  },
  "Support Devices": {
    "txr": 0.0,
    "probe": 1.0,
    "chex5": 0.0
  }
}